EF6802009B3549339B1052FFA9740042;EF6802069B3549339B1052FFA9740042
EF6802009B3549339B1052FFA9740042;EF6802019B3549339B1052FFA9740042
EF6802009B3549339B1052FFA9740042;EF6802029B3549339B1052FFA9740042
EF6802009B3549339B1052FFA9740042;EF6802039B3549339B1052FFA9740042
EF6802009B3549339B1052FFA9740042;EF6802049B3549339B1052FFA9740042
EF6802009B3549339B1052FFA9740042;EF6802059B3549339B1052FFA9740042
EF6803009B3549339B1052FFA9740042;EF6803019B3549339B1052FFA9740042
EF6803009B3549339B1052FFA9740042;EF6803029B3549339B1052FFA9740042
EF6804009B3549339B1052FFA9740042;EF6804049B3549339B1052FFA9740042
EF6804009B3549339B1052FFA9740042;EF6804039B3549339B1052FFA9740042
EF6804009B3549339B1052FFA9740042;EF6804059B3549339B1052FFA9740042
180F;2A19